INSERT INTO store (store_id, manager_staff_id, address_id, last_update) VALUES
(1,1,1,'2006-02-15 04:57:12'),
(2,2,2,'2006-02-15 04:57:12');

INSERT INTO inventory (inventory_id, film_id, store_id, last_update) VALUES
(1,1,1,'2006-02-15 05:09:17'),
(2,1,1,'2006-02-15 05:09:17'),
(3,1,1,'2006-02-15 05:09:17'),
(4,1,1,'2006-02-15 05:09:17'),
(5,1,2,'2006-02-15 05:09:17'),
(6,1,2,'2006-02-15 05:09:17'),
(7,1,2,'2006-02-15 05:09:17'),
(8,1,2,'2006-02-15 05:09:17'),
(9,2,2,'2006-02-15 05:09:17'),
(10,2,2,'2006-02-15 05:09:17'),
(11,2,2,'2006-02-15 05:09:17'),
(12,3,2,'2006-02-15 05:09:17'),
(13,3,2,'2006-02-15 05:09:17'),
(14,3,2,'2006-02-15 05:09:17'),
(15,3,2,'2006-02-15 05:09:17'),
(16,4,1,'2006-02-15 05:09:17'),
(17,4,1,'2006-02-15 05:09:17'),
(18,4,1,'2006-02-15 05:09:17'),
(19,4,1,'2006-02-15 05:09:17'),
(20,4,2,'2006-02-15 05:09:17'),
(21,4,2,'2006-02-15 05:09:17'),
(22,4,2,'2006-02-15 05:09:17'),
(23,5,2,'2006-02-15 05:09:17'),
(24,5,2,'2006-02-15 05:09:17'),
(25,5,2,'2006-02-15 05:09:17'),
(26,6,1,'2006-02-15 05:09:17'),
(27,6,1,'2006-02-15 05:09:17'),
(28,6,1,'2006-02-15 05:09:17'),
(29,6,2,'2006-02-15 05:09:17'),
(30,6,2,'2006-02-15 05:09:17'),
(31,6,2,'2006-02-15 05:09:17'),
(32,7,1,'2006-02-15 05:09:17'),
(33,7,1,'2006-02-15 05:09:17'),
(34,7,2,'2006-02-15 05:09:17'),
(35,7,2,'2006-02-15 05:09:17'),
(36,7,2,'2006-02-15 05:09:17'),
(37,8,2,'2006-02-15 05:09:17'),
(38,8,2,'2006-02-15 05:09:17'),
(39,8,2,'2006-02-15 05:09:17'),
(40,8,2,'2006-02-15 05:09:17'),
(41,9,1,'2006-02-15 05:09:17'),
(42,9,1,'2006-02-15 05:09:17'),
(43,9,1,'2006-02-15 05:09:17'),
(44,9,2,'2006-02-15 05:09:17'),
(45,9,2,'2006-02-15 05:09:17'),
(46,10,1,'2006-02-15 05:09:17'),
(47,10,1,'2006-02-15 05:09:17'),
(48,10,1,'2006-02-15 05:09:17'),
(49,10,1,'2006-02-15 05:09:17'),
(50,10,2,'2006-02-15 05:09:17'),
(51,10,2,'2006-02-15 05:09:17'),
(52,10,2,'2006-02-15 05:09:17'),
(53,11,1,'2006-02-15 05:09:17'),
(54,11,1,'2006-02-15 05:09:17'),
(55,11,1,'2006-02-15 05:09:17'),
(56,11,1,'2006-02-15 05:09:17'),
(57,11,2,'2006-02-15 05:09:17'),
(58,11,2,'2006-02-15 05:09:17'),
(59,11,2,'2006-02-15 05:09:17'),
(60,12,1,'2006-02-15 05:09:17'),
(61,12,1,'2006-02-15 05:09:17'),
(62,12,1,'2006-02-15 05:09:17'),
(63,12,2,'2006-02-15 05:09:17'),
(64,12,2,'2006-02-15 05:09:17'),
(65,12,2,'2006-02-15 05:09:17'),
(66,12,2,'2006-02-15 05:09:17'),
(67,13,2,'2006-02-15 05:09:17'),
(68,13,2,'2006-02-15 05:09:17'),
(69,13,2,'2006-02-15 05:09:17'),
(70,13,2,'2006-02-15 05:09:17'),
(71,15,1,'2006-02-15 05:09:17'),
(72,15,1,'2006-02-15 05:09:17'),
(73,15,2,'2006-02-15 05:09:17'),
(74,15,2,'2006-02-15 05:09:17'),
(75,15,2,'2006-02-15 05:09:17'),
(76,15,2,'2006-02-15 05:09:17'),
(77,16,1,'2006-02-15 05:09:17'),
(78,16,1,'2006-02-15 05:09:17'),
(79,16,2,'2006-02-15 05:09:17'),
(80,16,2,'2006-02-15 05:09:17'),
(81,17,1,'2006-02-15 05:09:17'),
(82,17,1,'2006-02-15 05:09:17'),
(83,17,1,'2006-02-15 05:09:17'),
(84,17,2,'2006-02-15 05:09:17'),
(85,17,2,'2006-02-15 05:09:17'),
(86,17,2,'2006-02-15 05:09:17'),
(87,18,1,'2006-02-15 05:09:17'),
(88,18,1,'2006-02-15 05:09:17'),
(89,18,1,'2006-02-15 05:09:17'),
(90,18,2,'2006-02-15 05:09:17'),
(91,18,2,'2006-02-15 05:09:17'),
(92,18,2,'2006-02-15 05:09:17'),
(93,19,1,'2006-02-15 05:09:17'),
(94,19,1,'2006-02-15 05:09:17'),
(95,19,1,'2006-02-15 05:09:17'),
(96,19,1,'2006-02-15 05:09:17'),
(97,19,2,'2006-02-15 05:09:17'),
(98,19,2,'2006-02-15 05:09:17'),
(99,20,1,'2006-02-15 05:09:17'),
(100,20,1,'2006-02-15 05:09:17'),
(101,20,1,'2006-02-15 05:09:17'),
(102,21,1,'2006-02-15 05:09:17'),
(103,21,1,'2006-02-15 05:09:17'),
(104,21,2,'2006-02-15 05:09:17'),
(105,21,2,'2006-02-15 05:09:17'),
(106,21,2,'2006-02-15 05:09:17'),
(107,21,2,'2006-02-15 05:09:17'),
(108,22,1,'2006-02-15 05:09:17'),
(109,22,1,'2006-02-15 05:09:17'),
(110,22,1,'2006-02-15 05:09:17'),
(111,22,1,'2006-02-15 05:09:17'),
(112,22,2,'2006-02-15 05:09:17'),
(113,22,2,'2006-02-15 05:09:17'),
(114,22,2,'2006-02-15 05:09:17'),
(115,23,1,'2006-02-15 05:09:17'),
(116,23,1,'2006-02-15 05:09:17'),
(117,23,1,'2006-02-15 05:09:17'),
(118,23,2,'2006-02-15 05:09:17'),
(119,23,2,'2006-02-15 05:09:17'),
(120,24,1,'2006-02-15 05:09:17'),
(121,24,1,'2006-02-15 05:09:17'),
(122,24,1,'2006-02-15 05:09:17'),
(123,24,1,'2006-02-15 05:09:17'),
(124,25,1,'2006-02-15 05:09:17'),
(125,25,1,'2006-02-15 05:09:17'),
(126,25,1,'2006-02-15 05:09:17'),
(127,25,1,'2006-02-15 05:09:17'),
(128,25,2,'2006-02-15 05:09:17'),
(129,25,2,'2006-02-15 05:09:17'),
(130,26,1,'2006-02-15 05:09:17'),
(131,26,1,'2006-02-15 05:09:17'),
(132,26,2,'2006-02-15 05:09:17'),
(133,26,2,'2006-02-15 05:09:17'),
(134,26,2,'2006-02-15 05:09:17'),
(135,27,1,'2006-02-15 05:09:17'),
(136,27,1,'2006-02-15 05:09:17'),
(137,27,1,'2006-02-15 05:09:17'),
(138,27,1,'2006-02-15 05:09:17'),
(139,28,1,'2006-02-15 05:09:17'),
(140,28,1,'2006-02-15 05:09:17'),
(141,28,1,'2006-02-15 05:09:17'),
(142,29,1,'2006-02-15 05:09:17'),
(143,29,1,'2006-02-15 05:09:17'),
(144,30,1,'2006-02-15 05:09:17'),
(145,30,1,'2006-02-15 05:09:17'),
(146,31,1,'2006-02-15 05:09:17'),
(147,31,1,'2006-02-15 05:09:17'),
(148,31,1,'2006-02-15 05:09:17'),
(149,31,1,'2006-02-15 05:09:17'),
(150,31,2,'2006-02-15 05:09:17'),
(151,31,2,'2006-02-15 05:09:17'),
(152,31,2,'2006-02-15 05:09:17'),
(153,31,2,'2006-02-15 05:09:17'),
(154,32,2,'2006-02-15 05:09:17'),
(155,32,2,'2006-02-15 05:09:17'),
(156,34,2,'2006-02-15 05:09:17'),
(157,34,2,'2006-02-15 05:09:17'),
(158,34,2,'2006-02-15 05:09:17'),
(159,34,2,'2006-02-15 05:09:17'),
(160,35,1,'2006-02-15 05:09:17'),
(161,35,1,'2006-02-15 05:09:17'),
(162,35,1,'2006-02-15 05:09:17'),
(163,35,1,'2006-02-15 05:09:17'),
(164,35,2,'2006-02-15 05:09:17'),
(165,35,2,'2006-02-15 05:09:17'),
(166,35,2,'2006-02-15 05:09:17'),
(167,37,1,'2006-02-15 05:09:17'),
(168,37,1,'2006-02-15 05:09:17'),
(169,37,1,'2006-02-15 05:09:17'),
(170,37,1,'2006-02-15 05:09:17'),
(171,37,2,'2006-02-15 05:09:17'),
(172,37,2,'2006-02-15 05:09:17'),
(173,37,2,'2006-02-15 05:09:17'),
(174,39,1,'2006-02-15 05:09:17'),
(175,39,1,'2006-02-15 05:09:17'),
(176,39,1,'2006-02-15 05:09:17'),
(177,39,2,'2006-02-15 05:09:17'),
(178,39,2,'2006-02-15 05:09:17'),
(179,39,2,'2006-02-15 05:09:17'),
(180,39,2,'2006-02-15 05:09:17'),
(181,40,2,'2006-02-15 05:09:17'),
(182,40,2,'2006-02-15 05:09:17'),
(183,40,2,'2006-02-15 05:09:17'),
(184,40,2,'2006-02-15 05:09:17'),
(185,42,2,'2006-02-15 05:09:17'),
(186,42,2,'2006-02-15 05:09:17'),
(187,42,2,'2006-02-15 05:09:17'),
(188,42,2,'2006-02-15 05:09:17'),
(189,43,1,'2006-02-15 05:09:17'),
(190,43,1,'2006-02-15 05:09:17'),
(191,43,1,'2006-02-15 05:09:17'),
(192,43,2,'2006-02-15 05:09:17'),
(193,43,2,'2006-02-15 05:09:17'),
(194,43,2,'2006-02-15 05:09:17'),
(195,43,2,'2006-02-15 05:09:17'),
(196,44,1,'2006-02-15 05:09:17'),
(197,44,1,'2006-02-15 05:09:17'),
(198,44,2,'2006-02-15 05:09:17'),
(199,44,2,'2006-02-15 05:09:17'),
(200,44,2,'2006-02-15 05:09:17'),
(201,45,1,'2006-02-15 05:09:17'),
(202,45,1,'2006-02-15 05:09:17'),
(203,45,1,'2006-02-15 05:09:17'),
(204,45,1,'2006-02-15 05:09:17'),
(205,45,2,'2006-02-15 05:09:17'),
(206,45,2,'2006-02-15 05:09:17'),
(207,46,2,'2006-02-15 05:09:17'),
(208,46,2,'2006-02-15 05:09:17'),
(209,46,2,'2006-02-15 05:09:17'),
(210,47,2,'2006-02-15 05:09:17'),
(211,47,2,'2006-02-15 05:09:17'),
(212,48,1,'2006-02-15 05:09:17'),
(213,48,1,'2006-02-15 05:09:17'),
(214,48,2,'2006-02-15 05:09:17'),
(215,48,2,'2006-02-15 05:09:17'),
(216,49,1,'2006-02-15 05:09:17'),
(217,49,1,'2006-02-15 05:09:17'),
(218,49,1,'2006-02-15 05:09:17'),
(219,49,2,'2006-02-15 05:09:17'),
(220,49,2,'2006-02-15 05:09:17'),
(221,49,2,'2006-02-15 05:09:17'),
(222,50,1,'2006-02-15 05:09:17'),
(223,50,1,'2006-02-15 05:09:17'),
(224,50,1,'2006-02-15 05:09:17'),
(225,50,2,'2006-02-15 05:09:17'),
(226,50,2,'2006-02-15 05:09:17'),
(227,51,1,'2006-02-15 05:09:17'),
(228,51,1,'2006-02-15 05:09:17'),
(229,51,2,'2006-02-15 05:09:17'),
(230,51,2,'2006-02-15 05:09:17'),
(231,51,2,'2006-02-15 05:09:17'),
(232,51,2,'2006-02-15 05:09:17'),
(233,52,2,'2006-02-15 05:09:17'),
(234,52,2,'2006-02-15 05:09:17'),
(235,53,1,'2006-02-15 05:09:17'),
(236,53,1,'2006-02-15 05:09:17'),
(237,54,1,'2006-02-15 05:09:17'),
(238,54,1,'2006-02-15 05:09:17'),
(239,54,1,'2006-02-15 05:09:17'),
(240,54,2,'2006-02-15 05:09:17'),
(241,54,2,'2006-02-15 05:09:17'),
(242,55,1,'2006-02-15 05:09:17'),
(243,55,1,'2006-02-15 05:09:17'),
(244,55,1,'2006-02-15 05:09:17'),
(245,55,1,'2006-02-15 05:09:17'),
(246,55,2,'2006-02-15 05:09:17'),
(247,55,2,'2006-02-15 05:09:17'),
(248,56,1,'2006-02-15 05:09:17'),
(249,56,1,'2006-02-15 05:09:17'),
(250,56,1,'2006-02-15 05:09:17'),
(251,56,2,'2006-02-15 05:09:17'),
(252,56,2,'2006-02-15 05:09:17'),
(253,57,1,'2006-02-15 05:09:17'),
(254,57,1,'2006-02-15 05:09:17'),
(255,57,1,'2006-02-15 05:09:17'),
(256,57,1,'2006-02-15 05:09:17'),
(257,57,2,'2006-02-15 05:09:17'),
(258,57,2,'2006-02-15 05:09:17'),
(259,57,2,'2006-02-15 05:09:17'),
(260,58,2,'2006-02-15 05:09:17'),
(261,58,2,'2006-02-15 05:09:17'),
(262,58,2,'2006-02-15 05:09:17'),
(263,58,2,'2006-02-15 05:09:17'),
(264,59,1,'2006-02-15 05:09:17'),
(265,59,1,'2006-02-15 05:09:17'),
(266,59,1,'2006-02-15 05:09:17'),
(267,59,2,'2006-02-15 05:09:17'),
(268,59,2,'2006-02-15 05:09:17'),
(269,60,1,'2006-02-15 05:09:17'),
(270,60,1,'2006-02-15 05:09:17'),
(271,60,1,'2006-02-15 05:09:17'),
(272,61,1,'2006-02-15 05:09:17'),
(273,61,1,'2006-02-15 05:09:17'),
(274,61,1,'2006-02-15 05:09:17'),
(275,61,1,'2006-02-15 05:09:17'),
(276,61,2,'2006-02-15 05:09:17'),
(277,61,2,'2006-02-15 05:09:17'),
(278,62,2,'2006-02-15 05:09:17'),
(279,62,2,'2006-02-15 05:09:17'),
(280,63,1,'2006-02-15 05:09:17'),
(281,63,1,'2006-02-15 05:09:17'),
(282,63,2,'2006-02-15 05:09:17'),
(283,63,2,'2006-02-15 05:09:17'),
(284,64,2,'2006-02-15 05:09:17'),
(285,64,2,'2006-02-15 05:09:17'),
(286,64,2,'2006-02-15 05:09:17'),
(287,65,2,'2006-02-15 05:09:17'),
(288,65,2,'2006-02-15 05:09:17'),
(289,65,2,'2006-02-15 05:09:17'),
(290,65,2,'2006-02-15 05:09:17'),
(291,66,1,'2006-02-15 05:09:17'),
(292,66,1,'2006-02-15 05:09:17'),
(293,66,1,'2006-02-15 05:09:17'),
(294,67,1,'2006-02-15 05:09:17'),
(295,67,1,'2006-02-15 05:09:17'),
(296,67,2,'2006-02-15 05:09:17'),
(297,67,2,'2006-02-15 05:09:17'),
(298,67,2,'2006-02-15 05:09:17'),
(299,67,2,'2006-02-15 05:09:17'),
(300,68,1,'2006-02-15 05:09:17'),
(301,68,1,'2006-02-15 05:09:17'),
(302,68,2,'2006-02-15 05:09:17'),
(303,68,2,'2006-02-15 05:09:17'),
(304,69,1,'2006-02-15 05:09:17'),
(305,69,1,'2006-02-15 05:09:17'),
(306,69,1,'2006-02-15 05:09:17'),
(307,69,1,'2006-02-15 05:09:17'),
(308,69,2,'2006-02-15 05:09:17'),
(309,69,2,'2006-02-15 05:09:17'),
(310,69,2,'2006-02-15 05:09:17'),
(311,69,2,'2006-02-15 05:09:17'),
(312,70,1,'2006-02-15 05:09:17'),
(313,70,1,'2006-02-15 05:09:17'),
(314,70,2,'2006-02-15 05:09:17'),
(315,70,2,'2006-02-15 05:09:17');

INSERT INTO rental (rental_id, rental_date, inventory_id, customer_id, return_date, employee_id, last_update) VALUES
(1,'2005-05-24 22:53:30',315,30,'2005-05-26 22:04:30',1,'2006-02-15 21:30:53'),
(2,'2005-05-24 22:54:33',225,59,'2005-05-28 19:40:33',1,'2006-02-15 21:30:53'),
(3,'2005-05-24 23:03:39',11,8,'2005-06-01 22:12:39',1,'2006-02-15 21:30:53'),
(4,'2005-05-24 23:04:41',52,33,'2005-06-03 01:43:41',2,'2006-02-15 21:30:53'),
(5,'2005-05-24 23:05:21',79,22,'2005-06-02 04:33:21',1,'2006-02-15 21:30:53'),
(6,'2005-05-24 23:08:07',192,49,'2005-05-27 01:32:07',1,'2006-02-15 21:30:53'),
(7,'2005-05-24 23:11:53',95,9,'2005-05-29 20:34:53',2,'2006-02-15 21:30:53'),
(8,'2005-05-24 23:31:46',146,39,'2005-05-27 23:33:46',2,'2006-02-15 21:30:53'),
(9,'2005-05-25 00:00:40',280,26,'2005-05-28 00:22:40',1,'2006-02-15 21:30:53'),
(10,'2005-05-25 00:02:21',24,299,'2005-05-31 22:44:21',2,'2006-02-15 21:30:53'),
(11,'2005-05-25 00:09:02',43,42,'2005-06-02 20:56:02',2,'2006-02-15 21:30:53'),
(12,'2005-05-25 00:19:27',284,51,'2005-05-30 05:44:27',2,'2006-02-15 21:30:53'),
(13,'2005-05-25 00:22:55',294,34,'2005-05-30 04:28:55',1,'2006-02-15 21:30:53'),
(14,'2005-05-25 00:31:15',271,46,'2005-05-26 02:56:15',1,'2006-02-15 21:30:53'),
(15,'2005-05-25 00:39:22',49,315,'2005-06-03 03:30:22',1,'2006-02-15 21:30:53'),
(16,'2005-05-25 00:43:11',189,16,'2005-05-26 04:42:11',2,'2006-02-15 21:30:53'),
(17,'2005-05-25 01:06:36',230,25,'2005-05-27 00:43:36',1,'2006-02-15 21:30:53'),
(18,'2005-05-25 01:10:47',76,19,'2005-05-31 06:35:47',2,'2006-02-15 21:30:53'),
(19,'2005-05-25 01:17:24',191,15,'2005-05-31 06:00:24',1,'2006-02-15 21:30:53'),
(20,'2005-05-25 01:48:41',217,15,'2005-05-27 02:20:41',1,'2006-02-15 21:30:53');

INSERT INTO payment (payment_id, customer_id, employee_id, rental_id, amount, payment_date, last_update) VALUES
(1,1,1,1,'2.99','2005-05-25 11:30:37','2006-02-15 22:12:30'),
(2,1,1,2,'0.99','2005-05-28 10:35:23','2006-02-15 22:12:30'),
(3,1,1,3,'5.99','2005-06-15 00:54:12','2006-02-15 22:12:30'),
(4,1,2,4,'0.99','2005-06-15 18:02:53','2006-02-15 22:12:30'),
(5,1,2,5,'9.99','2005-06-15 21:08:46','2006-02-15 22:12:30'),
(6,1,1,6,'4.99','2005-06-16 15:18:57','2006-02-15 22:12:30'),
(7,1,1,7,'4.99','2005-06-18 08:41:48','2006-02-15 22:12:30'),
(8,1,2,8,'0.99','2005-06-18 13:33:59','2006-02-15 22:12:30'),
(9,1,1,9,'3.99','2005-06-21 06:24:45','2006-02-15 22:12:30'),
(10,1,2,10,'5.99','2005-07-08 03:17:05','2006-02-15 22:12:30'),
(11,1,1,11,'5.99','2005-07-08 07:33:56','2006-02-15 22:12:30'),
(12,1,1,12,'4.99','2005-07-09 13:24:07','2006-02-15 22:12:30'),
(13,1,1,13,'4.99','2005-07-09 16:38:01','2006-02-15 22:12:30'),
(14,1,1,14,'7.99','2005-07-11 10:13:46','2006-02-15 22:12:30'),
(15,1,2,15,'2.99','2005-07-27 11:31:22','2006-02-15 22:12:30'),
(16,1,1,16,'4.99','2005-07-28 09:04:45','2006-02-15 22:12:30'),
(17,1,2,17,'4.99','2005-07-28 16:18:23','2006-02-15 22:12:30'),
(18,1,1,18,'0.99','2005-07-28 17:33:39','2006-02-15 22:12:30'),
(19,1,2,19,'0.99','2005-07-28 19:20:07','2006-02-15 22:12:30'),
(20,1,2,20,'2.99','2005-07-29 03:58:49','2006-02-15 22:12:30');